mid,name,tags
208259,陈睿
433351,EdmundDZhang,老E
2403047,嘟督不噶油,神经病,逗逼,一人役
10462362,天天卡牌,天天卡牌,炉石传说,守望先锋,逗鱼时刻,午时已到
375375,伊丽莎白鼠,鬼畜
777536,LexBurner,良心up,吐槽,动漫杂谈,蕾丝彦祖,自己夸自己
617285,芒果冰OL
883968,暴走漫画,搞笑,二次元,脱口秀,暴走漫画,大事件
32786875,信誓蛋蛋,信誓蛋蛋,外国人,信誓旦旦,法国
946974,影视飓风
123938419,嘻咦啊看
235555226,哔哩哔哩UP主执事
4162287,渗透之C君,恐怖游戏,帅,C菌
43536,黑桐谷歌,黑桐谷歌
423895,怕上火暴王老菊,看什么看,没见过帅哥,什么你见过,哦原来说我,原谅你了
1532165,papi酱
168598,逍遥散人,逍遥散人,散人
7487399,努力的Lorre
546195,老番茄,二逼,游戏解说
562197,中国BOY超级大猩猩,中国BOY
1643718,山下智博,山下智博,110,绅士大概一分钟
808171,吃素的狮子,四大欠王,鬼畜
398510,泽野螳螂
8047632,哔哩哔哩弹幕网
927587,木鱼水心,木鱼说,木鱼微剧场,三分钟影评
37090048,哔哩哔哩创作中心
7349,STN工作室,屎蛋说,游戏,STN快报,屎屎看
174501086,哔哩哔哩会员购
250858633,华农兄弟
585267,纯黑-克劳狄乌斯
3380239,神奇的老皮,特效,真人,炉石传说,游戏
122879,敖厂长,敖厂长
63231,泛式,杂谈,吐槽,剪辑,动画,泛鸽鸽骗过你吗
