mid,name,sex,face,following,follower
208259,陈睿,男,http://i2.hdslb.com/bfs/face/8920e6741fc2808cce5b81bc27abdbda291655d3.png,221,759063
433351,EdmundDZhang,男,http://i2.hdslb.com/bfs/face/5d94b9727a49815716cd66fc7ba3840382025c56.jpg,18,2199271
2403047,嘟督不噶油,男,http://i2.hdslb.com/bfs/face/34d7ccfe7fbfe16e2e764b7bd543d1bb566ff208.jpg,58,1896762
10462362,天天卡牌,男,http://i2.hdslb.com/bfs/face/d073dbd50b729138f7253f3258ac6ef67bddd741.jpg,107,1761514
375375,伊丽莎白鼠,保密,http://i1.hdslb.com/bfs/face/6c36ec15f6d7ddd9bdb558511521bd0256779e1c.jpg,37,3633311
777536,LexBurner,男,http://i1.hdslb.com/bfs/face/2996e22a24eed2d7767e452627a9130207defe6a.jpg,21,4956385
617285,芒果冰OL,保密,http://i0.hdslb.com/bfs/face/f40b734ef61f95f8adb3beca5b7b693db399c50e.jpg,372,1145266
883968,暴走漫画,保密,http://i1.hdslb.com/bfs/face/c93ff5df2cd0c0c9384b139c86d1a56a9540c9a2.jpg,10,4415745
32786875,信誓蛋蛋,男,http://i2.hdslb.com/bfs/face/df0be0f1946581030cbaf34e3f66a996f0a1af4a.jpg,34,3403799
946974,影视飓风,男,http://i0.hdslb.com/bfs/face/c1733474892caa45952b2c09a89323157df7129a.jpg,101,410416
123938419,嘻咦啊看,保密,http://i1.hdslb.com/bfs/face/170e1009846dd3ad8cdcd4050527b9cf2ecf67ab.jpg,5,2022670
235555226,哔哩哔哩UP主执事,保密,http://i2.hdslb.com/bfs/face/ed26c26091e8190c8269cf98bdbde805211c2564.jpg,41,271686
4162287,渗透之C君,保密,http://i2.hdslb.com/bfs/face/623ccce0ab28b721edb61dd64749d91de18fb384.jpg,10,3735966
43536,黑桐谷歌,保密,http://i0.hdslb.com/bfs/face/31706c82949b3ba4756a411825c3f16aeb14ad44.jpg,120,1802606
423895,怕上火暴王老菊,保密,http://i2.hdslb.com/bfs/face/2edf4a4f534869a63158d13a4b6b9676d75f1e0a.jpg,70,1829938
1532165,papi酱,保密,http://i0.hdslb.com/bfs/face/e45a7b248f496fad8b32d3b9cfa0335339331798.jpg,44,4633332
168598,逍遥散人,男,http://i2.hdslb.com/bfs/face/d0dad8800774a4903547b1326d1fd927df47b4e9.jpg,45,2521463
7487399,努力的Lorre,男,http://i1.hdslb.com/bfs/face/c63ebeed7d49967e2348ef953b539f8de90c5140.jpg,69,2022635
546195,老番茄,男,http://i2.hdslb.com/bfs/face/bc5ca101313d4db223c395d64779e76eb3482d60.jpg,1,4150464
562197,中国BOY超级大猩猩,男,http://i2.hdslb.com/bfs/face/068939602dae190c86f6b36ca301281d7d8aa6d9.jpg,24,2905559
1643718,山下智博,男,http://i1.hdslb.com/bfs/face/b4b829bce2bb01c89a62a85e4d422e3d3abd0ae3.jpg,52,2335934
808171,吃素的狮子,男,http://i0.hdslb.com/bfs/face/249bfa1b3d3e0932f533bc5364964b132fe9c6c2.jpg,249,2117216
398510,泽野螳螂,保密,http://i2.hdslb.com/bfs/face/35c1fe7daaa055d8badd3832212f9a8024ed6550.jpg,80,1501434
8047632,哔哩哔哩弹幕网,男,http://i0.hdslb.com/bfs/face/8aa6bd8cf269021ffa7a03f7a903ca899c11b7fb.jpg,62,1241855
927587,木鱼水心,男,http://i1.hdslb.com/bfs/face/696df59d35c78430f1a0bdb6184558e7b7eb4a6e.jpg,37,2627297
37090048,哔哩哔哩创作中心,保密,http://i0.hdslb.com/bfs/face/01365904ffb64d1858da7e20e1040b9f2d94165d.jpg,644,656572
7349,STN工作室,男,http://i1.hdslb.com/bfs/face/c43e6cab13c9a0303cf8476cfd405cff61195726.jpg,86,1258248
174501086,哔哩哔哩会员购,保密,http://i0.hdslb.com/bfs/face/ba56c5cac0809c7f389f78b1e4dce4971ba07d52.jpg,120,1645428
250858633,华农兄弟,男,http://i2.hdslb.com/bfs/face/bac504655c69ab937b0be4557e27535f794b0c66.jpg,9,2863596
585267,纯黑-克劳狄乌斯,保密,http://i0.hdslb.com/bfs/face/e8ab7b02d6576f4141ea857734b68b9dd35a5730.jpg,0,2529316
3380239,神奇的老皮,男,http://i2.hdslb.com/bfs/face/e7c191e9be6764107415069b36f7d9564f149c86.gif,73,1278497
122879,敖厂长,保密,http://i0.hdslb.com/bfs/face/156d5d3b3f4b66d940365b3b0e3a809e1fcc0d97.jpg,0,5044820
63231,泛式,男,http://i2.hdslb.com/bfs/face/5f60d345059b82f0878984d9f9133f45b33b82be.jpg,225,1739662
